[
  {
    "question": "भारत की राजधानी क्या है?",
    "options": [
      "मुंबई",
      "नयी दिल्ली",
      "कोलकाता",
      "चेन्नई"
    ],
    "answer_index": 1
  },
  {
    "question": "भारत का सबसे बड़ा राज्य (क्षेत्रफल) कौन सा है?",
    "options": [
      "मध्य प्रदेश",
      "राजस्थान",
      "महाराष्ट्र",
      "उत्तर प्रदेश"
    ],
    "answer_index": 1
  },
  {
    "question": "2 + 2 = ?",
    "options": [
      "3",
      "4",
      "5",
      "6"
    ],
    "answer_index": 1
  }
]